{
  "id": "9a7dcd5a-1d5f-46ca-bcde-ae456dfc55bc",
  "name": "appliance_name",
  "isOverridable": true,
  "entries": [
    {
      "value": "TV",
      "synonyms": [
        "TV",
        "television",
        "television"
      ]
    },
    {
      "value": "Air conditioner",
      "synonyms": [
        "air conditioner",
        "cooler"
      ]
    },
    {
      "value": "light",
      "synonyms": [
        "light"
      ]
    },
    {
      "value": "fan",
      "synonyms": [
        "fan"
      ]
    }
  ],
  "isEnum": false,
  "automatedExpansion": true
}