{
  "id": "7b57172d-31dc-4fe8-9635-c5c2d24b7329",
  "name": "contact",
  "isOverridable": true,
  "entries": [
    {
      "value": "@sys.given-name:given-name",
      "synonyms": [
        "@sys.given-name:given-name"
      ]
    },
    {
      "value": "@sys.phone-number:phone-number",
      "synonyms": [
        "@sys.phone-number:phone-number"
      ]
    },
    {
      "value": "@related:related",
      "synonyms": [
        "@related:related"
      ]
    },
    {
      "value": "Brain",
      "synonyms": [
        "Brain"
      ]
    }
  ],
  "isEnum": true,
  "automatedExpansion": false
}