{
  "id": "3fcca481-1e77-476b-a22c-14ec56dd7a56",
  "name": "questionword",
  "isOverridable": true,
  "entries": [
    {
      "value": "What",
      "synonyms": [
        "What"
      ]
    },
    {
      "value": "Who",
      "synonyms": [
        "Who"
      ]
    },
    {
      "value": "Which",
      "synonyms": [
        "Which"
      ]
    },
    {
      "value": "How",
      "synonyms": [
        "How"
      ]
    },
    {
      "value": "Where",
      "synonyms": [
        "Where"
      ]
    },
    {
      "value": "When",
      "synonyms": [
        "When"
      ]
    },
    {
      "value": "Why",
      "synonyms": [
        "Why"
      ]
    },
    {
      "value": "How old",
      "synonyms": [
        "How old",
        "What\u0027s the age"
      ]
    },
    {
      "value": "How far is",
      "synonyms": [
        "How far"
      ]
    },
    {
      "value": "How big",
      "synonyms": [
        "How big",
        "What is the size"
      ]
    },
    {
      "value": "How long",
      "synonyms": [
        "How long",
        "What is the length"
      ]
    }
  ],
  "isEnum": false,
  "automatedExpansion": true
}