{
  "id": "9851a657-3c9a-43c4-85d3-c38c6a17e4b3",
  "name": "related",
  "isOverridable": true,
  "entries": [
    {
      "value": "mother",
      "synonyms": [
        "mother",
        "mom",
        "mommy"
      ]
    },
    {
      "value": "father",
      "synonyms": [
        "father",
        "dad",
        "daddy"
      ]
    },
    {
      "value": "parent",
      "synonyms": [
        "parent"
      ]
    },
    {
      "value": "brother",
      "synonyms": [
        "brother",
        "bro"
      ]
    },
    {
      "value": "sister",
      "synonyms": [
        "sister"
      ]
    },
    {
      "value": "child",
      "synonyms": [
        "child"
      ]
    },
    {
      "value": "friend",
      "synonyms": [
        "friend"
      ]
    },
    {
      "value": "spouse",
      "synonyms": [
        "spouse"
      ]
    },
    {
      "value": "partner",
      "synonyms": [
        "partner"
      ]
    },
    {
      "value": "assistant",
      "synonyms": [
        "assistant"
      ]
    },
    {
      "value": "manager",
      "synonyms": [
        "manager"
      ]
    }
  ],
  "isEnum": false,
  "automatedExpansion": true
}